Instance,Predicted Class,Predicted Probability,checking_status,duration,credit_history,purpose,credit_amount,savings_status,employment,installment_commitment,personal_status,other_parties,residence_since,property_magnitude,age,other_payment_plans,housing,existing_credits,job,num_dependents,own_telephone,foreign_worker
0,1,0.6801272232702414,-0.09976989328960834,0.019606297229246696,0.0059630741027238005,0.03946822126504345,0.061717391958415156,-0.022883884670140003,0.005272230689402813,0.03171442444023794,-0.02187924946157262,-0.0011760195245169487,-0.022385613701887404,0.03974218807573359,-0.05505240488160296,0.020891949557895546,0.024804410523594413,0.00021688924067815354,0.0004609461458822591,-0.0003891980133568183,-0.008394630624720753,-0.0038915628876131183
1,1,0.6090702265308191,-0.10893473890749521,0.008121840140244299,0.0035734048244854357,-0.04911694812922877,0.015616182638430072,-0.014606044111404993,0.0023165347879713083,-0.0012224056985414497,0.024048704102418803,-0.0012364320394101698,-0.0030916260816417768,-0.021179926979517042,0.026019368989035563,0.0212647503809309,0.025688720513273686,0.00018074070887790875,0.0034934969749905523,0.0032495090561222156,0.01287526755481741,-0.004081829289946361
2,0,0.3065653090748686,-0.12209039194577348,-0.01926595784126518,-0.20239176397893796,-0.05274928389530021,0.055333279166957496,-0.016473674024872428,0.008719639966472029,0.030913992636983533,0.025464523281323186,-0.0012825492283477468,-0.006067495845610008,-0.024450514638589795,0.0009369716461841657,-0.040428844268170144,0.0177561813766424,0.0001288766369141834,0.0004671059902017054,-0.0003993263543779745,-0.009230245762628054,-0.004416870939342762
3,1,0.7676498446995305,0.11486832345916576,0.04603943292280077,0.007760050316709145,0.044625835413645974,-0.044697481705353904,-0.01443772182468192,-0.0023896217669666237,-0.0008660245189337825,-0.01815840834712983,-0.00109023810970021,0.019898066153800787,0.058597101599436006,-0.05918678521371392,0.025596594968553238,-0.06382893289399814,0.00023502146246888456,0.00045940731223299375,-0.00035923088685729565,-0.007898699222978936,-0.003608501515372578
4,1,0.8857742050536958,0.1093682828314646,-0.05189727706646576,0.07426851863042686,0.037163212085441565,0.0042287436191952256,-0.025674549299448544,0.013449688833246667,0.0004154611034869517,0.020223371826134127,-0.0008450201254957315,-0.019719631661767364,-0.014668504775886765,0.0362817627212652,0.0206200096553569,0.014827474192129245,-0.0003669359912560853,-0.004538297460846372,-0.00030814436273929324,0.00962949883087579,-0.002775115627829186
5,1,0.7039622584741908,-0.0949400025741986,-0.013983298363302941,0.008076829692003296,0.050982032505203244,0.05841720362575434,-0.022465060919175436,0.01628958441551646,-0.021672819136630227,0.021421382916512577,-0.0011060967555055156,-0.00018418626680917946,0.03965834100584618,0.1387514133866009,-0.06376366571575734,-0.06865686733081282,0.0002604973601625533,0.0032079892486739903,-0.0003751554057412297,-0.008290957737677712,-0.003756562572876978
6,1,0.9721516399272692,0.06934558600061132,0.09955536180653117,0.008915513937629335,-0.007872731789955087,0.042081574047725195,-0.013312559472961524,0.003773203865656924,0.01595988266804305,0.014605449139222815,-0.0005971569892210075,-0.012415862222954719,0.025844600164212476,0.027330768524118695,0.01334708184341242,0.0147645458079846,0.0001945385110747877,0.0002749921304505594,-0.00022160313885013125,0.006418010329512776,-0.0019312123313784402
7,1,0.6281630544067921,-0.038336087052849854,0.03959874691997615,-0.018872203758564396,0.07297753753693471,0.014150882759918213,-0.015224675968047397,0.002922866533390911,-0.024442810166459647,-0.018911598406019334,-0.004580552261293229,0.024046741988464664,0.07346551323143131,-0.08315434561254031,0.026260892154088746,-0.07393175248001436,-0.00061378737858551,0.0004991980144920342,-0.00040257523448695753,-0.008978727043184018,-0.004401866466266592
8,1,0.927317878242605,0.09355790919683636,0.027042830627463446,0.009905605872288092,-0.029713380996163413,0.05516080125314513,-0.009265486790812396,-0.003786098772601327,0.0356631390375816,0.01744915962072298,0.012037890945824054,-0.012142889699547544,0.02798820506216089,-0.020917243515904682,0.014732826357643997,-0.04377667158577667,0.00021083548548438136,0.00029468841666217366,0.0020451185405990363,-0.005398249067536119,0.09013723115812843
9,1,0.7804708959167177,0.1311382963315016,0.0070714993734694725,-0.013345982313422008,0.04831607586698914,-0.11623355862444969,0.03570964496051967,0.001455276820497069,0.029307782545960948,0.024160598331364372,-0.0010480359862811383,-0.020238639393637237,-0.017876115556360386,-0.02174476926806282,0.01647488313299006,0.022850921499670985,-0.0005114655734454696,0.00039910335987166273,-0.0003631653327216868,-0.007825211649150917,-0.003317899704992642
10,1,0.8189261707788532,-0.026991726891174,0.15047599151664443,0.00931125871718963,0.06389825512042707,0.003481313986817442,-0.014338714694579457,-0.001496774689503472,-0.0002686504094288796,-0.023414733495247878,0.016032523799914513,0.003990425878086072,0.05999887440536398,-0.0347028822498073,-0.061688076691804726,0.016078039309710707,0.00022944556373389233,0.002934936042819689,-0.00033247993825004374,-0.007120097883429534,-0.0032424137150360113
11,0,0.470297853823257,-0.11781732592361756,-0.12077320021544996,-0.0028851194968210737,0.03965740126825674,0.0687380202190059,-0.031045854288444034,-0.03762098003733861,-0.03018189180540475,0.025898120650326126,-0.0013048881220685284,-0.01265890516835136,-0.021907112502190806,0.021152280072063018,0.02089112897206542,0.01746936776545165,0.00017580264204171645,0.0004951252693834474,-0.0004149540609782361,-0.009339139086068773,-0.00432167942500981
12,1,0.8182517697637908,0.12245986650669856,-0.00478878267681176,0.008872126775645228,0.03936808454933335,-0.05230582223280086,0.018492835810007047,0.00777615902771633,-0.013814006377308516,-0.016270313675305768,-0.000988624296777707,0.059940066928132384,-0.027765043232914403,-0.017414528762309967,0.022645523653297323,0.016094555502812833,0.0002287721082466406,0.0003852333961694432,-0.00034553406137919257,-0.007273289872881947,-0.003137166402184426
13,0,0.338538391274183,-0.12045500361633209,-0.08568905793196586,-0.009275418946131151,0.02598293497824457,-0.025982329907894983,-0.049961375480369,0.0043379877620849635,-0.025803501307346766,0.02358654641842953,-0.004669956758731754,-0.0009267703822098036,-0.03016446406233836,0.04643527337134296,0.020165590412304295,-0.08146886630631972,0.0001511947484160378,0.0004839788678194859,-0.00041097526268640594,-0.009438799221571396,-0.004450253196966988
14,0,0.40618726916112435,-0.04461928974047547,-0.09375084596788881,-0.008209551286534411,-0.015951188117340954,-0.01708262226128382,-0.04103552686296875,-0.008647060630754766,-0.025974923766330437,0.023698198768875686,-0.0012998895013918617,-0.001105166353373356,-0.03124780614220959,0.04665669068205841,0.020674664515509804,-0.04836809610369208,0.00016048380524467942,0.0005089506369723324,-0.0004218360726504662,-0.009476126237965928,-0.004413447299082718
15,1,0.6482261011062,-0.10494236886984827,0.011492273865844458,0.005339479844878037,-0.015356187033881757,0.01573441445286602,-0.025513295763114844,0.0022409536355002487,0.03163198162987124,0.025202225085757753,-0.004474565732829204,-0.005363743615811753,-0.021242606101107644,0.033835137302745545,0.02065614631260213,0.025315183338370784,0.00021075902730713822,0.00046563416713868894,-0.00040235077499245486,-0.00880005115771724,-0.003894575603783206
16,1,0.9208068416555354,0.09815167824318911,0.025514418725311284,0.06500315504385644,0.040369485847984894,0.06242106874851581,0.02570068179263771,0.008842501741585235,-0.0013059031902679281,0.01576597902279624,-0.0007882450629253986,-0.0011332231442337294,-0.018266329242766294,-0.04249469703303555,0.017713201640000075,-0.046278862100614125,-0.0002837021248868106,0.00031306143807464476,-0.0002781136534274198,0.008197309905186361,-0.002448282037852134
17,1,0.93666197719959,0.09807230678966133,0.005201770877526463,0.09442132685326055,0.057208822109033386,-0.033287339502014505,-0.012155221309993525,-0.012377775341309719,-0.01784009094282082,-0.016817140063067695,-0.0007153822776210008,0.001366904749462004,-0.022809155516126733,0.09883652563854543,0.022748589273946882,0.011326825789783126,-0.0003018576950257988,0.006331420140203978,-0.0002848763175059508,-0.005955991078852696,-0.0023993420738996954
18,1,0.5156046106532425,-0.111405459039063,0.011872891703658963,0.09708639994490448,-0.020162064551171026,0.03863750908862968,-0.02513892283733976,-0.003997303958148753,-0.024904446834519978,-0.02488584737858862,-0.0012162021330312245,0.0014166006024798987,0.04327644958999061,-0.07065585124202989,0.029765454497928917,-0.07639233596132368,-0.0006011210197491406,0.0004929006522230739,-0.00039882046412456396,-0.008917443230794497,-0.004359433873095599
19,1,0.6481701805148181,-0.10242727810521483,0.02635656171708811,-0.02403556890771653,-0.017645669840873752,0.07025301094157739,-0.024256558543333844,0.024892690074959672,0.044022012157724,-0.0240083521119505,-0.0011952521387116565,-0.00055481478610242,-0.0038257796159279814,-0.020767628735581137,0.01905620406715002,0.02630232596296524,-0.0005549051003833535,0.0034477284559788304,-0.0003984357114148185,-0.008664222149804085,-0.003917544212016645
20,1,0.9293843684360428,0.1047017835854243,-0.07987005899394269,0.06063324496776586,0.03305380567141743,-0.038010440620105716,0.06891449653746867,0.01823345862481102,0.01322261652767264,0.025005466946755553,-0.0007478197505564008,0.03673782216130395,-0.02223636446392173,0.042104167063528965,0.018534404024375315,-0.022649762969820107,-0.00035165934337369936,0.00031186162113312305,-0.0002854009778364049,0.008683837605653022,-0.00269274687811605
21,1,0.6533577842638566,-0.10496089060231388,0.008843280805227708,-0.02362977295369659,-0.015537748176161811,0.08303017205801815,-0.024473279502525962,-0.03612412630859523,0.017721182644789737,0.036599727978177524,-0.0012306001941295626,0.05359261579379876,-0.003596403496898446,-0.026844925094590032,0.019431686500557006,0.017739144752048422,-0.0005668374762136755,0.00045284279460904947,-0.00039311152382040526,-0.008757326868932172,-0.004029503961899152
22,1,0.9172088213461028,0.09641952615447018,0.010072429962452422,0.06938939946505747,0.028275516277706653,-0.00306845028979894,-0.015937895582697162,0.014414447684413393,-0.0012397692872715925,0.016011179286486047,-0.0008019726916738181,-0.0007237514607597075,-0.013268840142511387,0.006706771620774335,0.018479987042180318,0.020333183377382644,-0.0003053285541173382,0.00031192585151721314,-0.00027356406340303674,0.008828767573666024,-0.0025063979741757475
23,1,0.9947465569198294,0.05981283208894737,0.09100634343724666,0.04361796959759132,0.020975734879659372,0.00927223768748287,-0.008589154327428175,0.005872704063551383,0.008601885792903255,0.012782251302869446,-0.000475528659711566,0.019995084378495485,0.02323930095833548,0.02355459762213827,0.012662152882292369,0.00901770452243405,-0.00016921542690725064,0.0014047619081582151,0.0012321879976386941,-0.003547152195104694,-0.0016117986871674688
24,1,0.9763206366821445,0.07226134565692932,0.01610619848845701,0.052733730891202486,0.022047412751909117,0.037992996114535,0.03027391306232526,0.002910038721207787,0.024840665994426917,0.013127309189260736,-0.0005796022940569856,-0.009083317898573001,0.022251906704415746,0.0035370061284730886,0.013261688884257555,0.01289817738346262,-0.00019712680889359216,0.00023282411212300255,0.0015128826700940845,-0.004086411291040194,-0.0018126588747764915
25,0,0.3477450200707673,-0.11953763626967656,-0.02147000537651356,0.0018880597650957527,0.04507137997526969,0.011923828741762421,-0.023629868952452993,-0.0252558106805929,-0.03163914693216261,0.028112054186394023,-0.0012806793059221323,-0.03529007311711737,-0.02603392020473012,-0.006037578869049096,-0.11473106550783298,0.016123592929568536,0.00016261341373282473,-0.006471168894241717,0.0032667717933616397,-0.009001367594167038,-0.004516616126364159
26,0,0.37838170210515654,-0.04442885908714051,-0.14440414707241822,-0.0015003785828289276,0.042111319877769615,0.04195132658656922,-0.0285174897120805,0.02394150232215832,-0.02519846112055148,0.024464848121077548,-0.001263999865750658,-0.0010857083902522519,-0.024643792982792873,-0.10100035394624152,0.023508542056838787,-0.058138273488231786,0.00016461885251803596,0.0005066034936926043,-0.00040739323368362,-0.009292945538289908,-0.0044769132816113765
27,0,0.493010649201437,0.1261840202083119,-0.08450749543917507,-0.1584405713719462,0.032938366703347176,-0.0005253325078254401,-0.04017867158736634,-0.03633533498789442,0.018078638695950635,-0.08765369427368845,-0.001302444910285074,0.009423424455172332,-0.006431506268604899,0.03765446788062234,0.014423621767792582,0.017984671762000276,-0.000658592867136841,0.00046481239845118605,-0.0004056038431877254,-0.009483258317901125,-0.00431052539160547
28,1,0.859267911850349,0.11634221957527391,-0.04729325137131335,0.07878218039290015,0.03539118686243382,-0.09499276106340748,0.05604633719513082,-0.00018685770494695358,0.02317522490874548,0.019206607830738433,-0.0009781327894771545,0.00042481399949613013,-0.02395507214890276,0.057545065237166106,0.02070615297096617,-0.037048830461674905,-0.00039663416724249057,0.0003672837540440778,-0.0003372259374936996,-0.006872301480641621,-0.002749750847849628
29,1,0.9009385956142582,0.1030155261596009,0.015669227959962534,0.008922078186461591,-0.03177779739236943,0.07543770863717954,0.0404971500734437,-0.010469989893305595,-0.01819295456650589,0.0174370535148682,-0.0008449463533578699,0.0002683834839022949,-0.019978900695129604,0.023836544053571152,0.016190854018311437,0.01279330046236044,0.0002421920267768283,-0.004236329536497709,-0.0003022758802753295,0.008920916029145206,-0.00258080177028965
30,1,0.8251280270245888,-0.02717526033276214,0.04521496256075411,0.08567472167135842,0.06830978222096318,-0.020877524720185132,-0.01324111627392635,-0.03832594516745617,-0.021367607220287934,0.02034182749573789,0.015353054576997654,0.00020041382730969873,0.05978634058999285,-0.049589704167784,0.030091094959725815,0.015522150837673615,-0.0004106864750951604,0.0004324810254911678,-0.0003480387055679925,-0.007267871968299168,-0.003286704806456727
31,1,0.8645011192057878,0.1031555390300441,0.031456324376811444,0.010549544309587317,0.03977619561599958,0.04875673860267824,-0.015253742606352302,-0.0019619268245056284,0.025378737871908984,-0.01764901083815597,-0.0008935307556305339,-0.0178927339101855,-0.01827194175509408,0.03538545903347511,0.020328125433880743,-0.053901470339006885,0.0002217060512193688,0.0026776132120566037,-0.00031077856191921716,0.009742847685503287,-0.002884233522933053
32,1,0.7845198279940974,0.1250699173612368,0.007459863814959666,0.0693739029319868,-0.03981348954221867,0.02888609002143076,-0.018918887713178904,0.0073532237315800065,0.0006849469103881317,0.023560339972900284,-0.001012157702139203,-0.02306811980730544,0.0018316032941586245,-0.0012833089798593295,-0.07300400453561574,0.02271423913105028,-0.0004454320998669205,0.00042932005835622417,-0.0003557456060229632,-0.007658845945149188,-0.003375284398999645
33,1,0.9267756791527992,0.09453985544247973,0.11952108448360566,0.07488366237916133,-0.03388186228860236,-0.020136408607883464,-0.004643489655848168,0.02415868231511996,0.01922813286912121,-0.027410131952110922,-0.0007556834409123553,0.0072172433066924795,-0.022433149928140526,-0.019954792292747162,0.023594741074887474,0.018606417998884045,-0.00031964789482115397,0.000339975361737808,0.0020863528820046218,0.008559338558733615,-0.002516298554969635
34,1,0.8930124799652525,0.10738121168009739,-0.06290902013386623,0.003072848263379007,-0.03145439956849188,0.06284111143260289,0.04975265710308024,0.004614317137829153,-0.018267948415826327,0.01756757812966975,-0.0008725522945872652,0.0007338814882287686,0.0313094784338271,0.03645419686898869,0.01600606798709317,0.01948046430537557,0.0002399653793239744,0.00033059897687437906,-0.00030192282348380967,-0.006284991450558756,-0.0027727196307104907
35,1,0.7280524819787264,-0.03177796440050467,-0.01605302183671664,0.004407600212752684,0.04779182434640178,0.09433661787243824,0.054430815594499,0.011074345501677024,-0.02256028461693523,0.02208069424709733,-0.0011238227226211585,0.0005279904019558634,-0.026426571241430056,0.025666861099063853,-0.06323961731344664,-0.04545169711371333,0.00021639575375451137,0.00044224951942796004,-0.0003780011664257417,0.011623661366340562,-0.003627250621294672
36,0,0.45403365081201325,-0.043723332060794484,-0.09528702335822718,-0.0267818307950755,-0.05365483710099628,0.09557537657212382,-0.01664600862621267,0.012027636743518075,-0.030379014214488406,0.02651240388681585,-0.001297375738015934,-0.012539634269847307,-0.030353123810396537,0.013548353449164776,0.019920665062192092,-0.055382145784445704,0.00014306285608166555,0.0005097346490655028,-0.0004240438199902737,-0.009429523624571966,-0.004397346300291441
37,1,0.8755426953646442,0.10982005581488345,0.023262290217716638,0.009368232664529607,-0.03260068205249965,0.0736913503689433,0.04219380756096161,0.011118738121448896,-0.019114457649297745,-0.018574096322295144,-0.0008656481141620884,0.0017156200046980763,-0.02201626357169877,0.045634138515283536,0.018599697615846716,-0.03498984677167753,0.00023462293557065714,-0.004587976458160624,-0.0003092087385098095,0.00957452949799111,-0.002703865371334671
38,1,0.9515285534589093,0.08796020368869728,0.00035939275629647455,0.06568196341910848,-0.025478278105820724,0.05769833916852696,0.03584597219488175,-0.01965365441936018,0.01699955106373213,-0.024256082238855576,-0.0006774821056792409,0.007479453816418753,0.026266275664982047,0.023901180670635194,0.01607736823254063,0.011861738042797701,-0.00025240925726093916,0.00027890849199796913,-0.0002454214921666781,0.00771562880450843,-0.002125752033476406
39,0,0.22089084055578345,-0.11952397909097733,-0.1283410212768339,0.07446638574090945,-0.020520774709847187,0.0014062902459748318,-0.03144514593729856,-0.023386723620919102,-0.02329572793386588,-0.023188913676104206,-0.004480362854829466,0.0007434650450154796,-0.028861645800746474,-0.09633961830173372,0.02495247386592037,-0.05696871311016959,-0.0006967434284805898,0.003458280148623241,-0.0003913002217184787,0.011754762635357102,-0.004541804258898709
40,1,0.7438756791467236,0.1185294552080653,-0.07647816790371313,0.0022536336223315293,0.03591301185924934,-0.0011672398932959748,-0.02445543530821415,0.02225992266463742,-0.027567790255047256,0.02535486930506026,-0.0011030133988650475,-0.0285825039444776,-0.018395891977448314,0.018009402265935833,0.01933161246229184,0.025107239565499814,0.00020582624724790424,0.0004314155800813578,-0.0003688462113213368,-0.007965778995450678,-0.003527698842248933
41,1,0.9689569823269087,0.08185734765383727,0.020949823086705874,0.07430351975942004,-0.0012685966526657377,0.04354760116047677,0.03333885008277834,0.007698616509792797,-0.01652180246751775,-0.01309415705609194,-0.0006599923895004531,-0.016094180741938025,-0.01300317675256069,0.08023555806842454,0.016666770869051994,0.01148984822634852,0.00019981607604735904,0.000277298768465629,-0.00023120427707434832,-0.004875530100200411,-0.0019510845932951871
42,1,0.7985129268782719,0.11363569136197738,0.0022556782601978465,0.006351087025057693,-0.015541547709350017,0.09253459276695392,-0.021868823112133045,-0.03033035942775671,0.025940469052784968,-0.02105107876869237,-0.0010446949835784443,0.0017355645811465703,-0.01937063434200422,-0.02425997357706826,0.018763808018561492,0.015313041743990013,0.00021204372077121558,0.00039918190330190395,-0.0003508660126857697,-0.00762269884637181,-0.003279211873235275
43,1,0.8732417398798931,0.1095488635031185,-0.029466273358555506,0.07070623233940553,0.03245336476061602,0.062223673789811675,-0.018245352280577623,0.004888650765635383,-0.02240009531263801,-0.017046491857233906,-0.0008784896498135186,-0.02343652777013142,-0.015532841259290312,0.006137951057512146,0.021723850733428158,0.019429308962818054,0.00021510290050688607,0.0003494448034563613,-0.00030461347092545127,0.009694955198161853,-0.0029106310718187054
44,1,0.851030784438214,-0.02570236421294821,-0.0004910381231975625,0.08072950211097768,-0.014088267503285887,0.07340322873846376,0.03091987773728982,0.010372701368310417,0.0004756133588568144,0.02173258091645316,-0.0009580892061493151,-0.02066064907363863,-0.017632409428255214,0.001971129532821969,0.022590869419053236,0.015379380379776042,-0.0003960142603690829,0.00036605834140206184,-0.0003263983219004285,0.010242476859794241,-0.002989061291647573
45,1,0.7433481877021825,-0.09585609535962625,0.026550226406745616,0.01101210915810733,-0.01379305753667221,-0.05244945404610879,0.03559256771767253,0.03247522556977538,0.027494473169109985,-0.03538861512809426,-0.0010882196068835077,0.01292037000481173,0.0109019963580754,0.05718808169744081,0.025497350525101065,0.02525092139715743,0.00022365430612396783,0.003205839868633061,-0.0003800316405140937,0.011567498303161542,-0.0036683105582407532
46,0,0.14443762137037833,-0.11205272766703638,-0.010407507091457605,-0.22065571084342037,-0.007075816598780046,-0.0663845280717113,-0.027909447396084974,-0.030118182897625283,0.016759552943172863,-0.07554640883824328,-0.0010466808105804501,0.013203426612352494,-0.005905291483621389,0.018413488269720838,-0.03549215648458524,0.015247750377638059,0.0001265264719347165,0.00045665653589733204,-0.00034738436620160296,0.011028330518821126,-0.003947924906216958
47,1,0.6689899208394876,-0.035281946082143245,0.04654182424721378,0.010383377003628411,-0.023212764111058645,-0.06010515597441728,-0.015786218048997182,0.015574701340990066,-0.014423866827985998,-0.01884382485806546,-0.001108648757727528,0.0698415881674783,0.01297572276154899,-0.024561600111463393,0.028419325622998162,0.02474709734035503,0.0002193588872933134,0.0004663362464096474,-0.00039050924367375434,-0.00863201728859434,-0.00392451657070797
48,1,0.6225529761495041,0.11887079616599501,0.020749241022699254,-0.23523545039834415,0.02795010782568859,-0.027305844830445274,-0.02231710129973007,-0.05023292924930887,-0.014306675958542922,-0.01821280066105255,-0.0011559407078222627,0.06837468082861671,0.07003908947110622,-0.006769643394923919,0.01290324164898505,0.01693229235436249,0.0001961575496606411,0.008923189617375591,-0.00039735240915684855,-0.008672280000934854,-0.003871458521128771
49,1,0.9055458560674312,0.1052140803626511,0.19236778122467704,0.009011026956573567,-0.014514965784865747,-0.004923926077982181,-0.012841715786536012,-0.02970576627751691,0.03727989972738068,-0.017959016638858207,-0.0007796276664251145,-0.000291390259869818,0.05111059520302369,-0.05037887022851547,0.020976509843034046,-0.041184791102480696,0.0002597422899762077,0.00259251490999877,0.0023400096733723758,-0.006337739890234451,-0.0027801515063764354
50,0,0.4337196732901803,-0.11755602666391214,-0.0035209970695573695,-0.0017747583881693198,-0.020546844717033882,0.07608090202844264,-0.028629439581622618,-0.028558700368340503,-0.025474074286275388,-0.026240469507644994,-0.001296814936524016,0.001130551611413004,0.04208517124809676,-0.06894397407597576,0.02129700273033522,-0.06229336738119231,0.00017002598723043819,0.0036627050641526667,-0.00042165609652581687,0.013029548115202997,-0.00457076751832586
51,1,0.9460622485399933,0.0923319582345689,-0.019737618991974765,0.06037942092244398,0.02585156086106936,-0.008447815836451189,0.04250966152545654,0.01121295032337547,0.018884894331429262,0.015362492270337045,-0.0007152025078432794,-0.0031909408253174517,-0.002150620949812341,0.026834918832324806,0.01613895012007048,0.012380320266442887,-0.0002610025754490504,0.00028088932024041463,-0.0002487542776168407,-0.005221258206800639,-0.0022242113929076407
52,1,0.7754223875364513,-0.09082081923546133,-0.010235003332489029,0.00951751836854317,0.05665762448464734,0.05331302634525167,-0.019337749719141314,0.029960833832822248,-0.02259477614886099,-0.021760194454847583,-0.0010202787268418084,0.0015305841693535327,-0.023211632413299172,0.1111042803880955,0.022610662226129282,0.024402859707685767,0.00025070887259480423,0.0004427789463366851,-0.0003500593696039861,-0.007758320750042093,-0.0033713127508272025
53,0,0.4790258502702893,-0.04220504564240634,-0.1203021789969741,0.08890370926680906,-0.048914064820589444,0.09076419369070639,-0.03048589544949551,-0.0432571667521243,-0.024661481627376584,-0.04007198452907328,-0.001253274591403351,0.013821371048335014,-0.022697003907557637,-0.036556247382011985,0.026617318946303564,0.017348142774745928,-0.0006371829270738714,0.0004941113381803549,-0.000411313799717999,-0.009206534618514083,-0.004355278846878111
54,1,0.9157393803950927,-0.02133339997123226,0.02673683847346343,0.08462962960431673,0.06252982615802684,0.042248294264486154,0.008704268434716778,-0.028304873240618016,-0.0008122566865617723,0.01694342937710538,-0.000855033858881323,-0.000944051016334597,0.0003176178367816131,0.032697575675073406,0.02200307322279177,0.01345305688644692,0.0002334749894803654,0.0003360878704642273,-0.00030075888063057127,-0.005957139079565059,-0.0026779367606418053
55,1,0.719533087400635,-0.0325382211722159,0.0033457940967680927,0.006956236130918073,0.03564175635081931,0.034015613576303255,0.03973177424057199,-0.040317164336353094,-0.0005481953539267873,-0.025166298360548223,-0.0011351477381690612,0.0056364339196087465,0.04300922857196441,0.026101533573057136,-0.06649994661689385,0.016617922517614778,0.00024311497647667527,0.0004467921292752447,-0.00038235145956770633,0.011939004823526686,-0.0036564495650012324
56,1,0.8448920370414317,-0.0762144686740417,0.08654836374395473,0.08980058335274665,-0.032262425692371206,0.038028283582675834,-0.019300842188139263,-0.006537029009650415,0.04091921180754144,0.019310676504591253,-0.0009348384092009859,-0.0007603561123881719,0.032942628589684476,0.03377768678862525,0.019847716404471236,-0.05392402467253384,0.014215260489299322,0.00038309182546414816,0.0024346366938173825,-0.006587116243245275,-0.002886658836274448
57,0,0.3590001976266614,-0.04628832155349979,0.036778025947358184,0.0037472868770393485,-0.05381590513305932,-0.08824524509589447,-0.01833758862513298,-0.03501387107761486,0.006990485131765804,-0.021292361666964493,-0.0012548393739950116,0.0664336557696058,-0.043959895881904486,-0.06499274570526442,0.026652243469039726,-0.06093921252507767,0.00013859257815720255,0.000467589034179941,-0.0003950005256797932,-0.00929507313517336,-0.004469277977630438
58,0,0.23586714949027157,-0.11775033546822387,0.02768096822883853,0.0011417335435771683,-0.023254043858703166,-0.10280777817180987,0.03775711396606343,-0.003103098817961875,-0.024240904159850436,-0.02484464215616418,-0.0012040914380463824,0.0006471807580663858,0.007274799162555058,-0.05503324044157084,-0.08447719631218932,-0.07594442656908683,0.00010307352363742028,0.0004543190592739786,-0.00038873955307582145,0.012122619676347814,-0.004357818577811705
59,1,0.7908255283136438,0.123984086239931,0.039387766252331965,0.011546354482825783,-0.046787685177396315,-0.04419385723433809,-0.015152823859826891,0.00767891254113906,0.0005777083558024948,-0.03730461042742023,-0.0010104182497428643,-0.025801003182064245,0.060761040525459664,-0.004975693848831286,0.02601473269677332,0.02284457442582692,-0.0004407213745706619,0.00044016924813674213,-0.0003573411056044806,0.010882462181415592,-0.0033597812726080256
60,1,0.836588165656236,0.11978601393520383,0.027260274666904293,0.004067324224383985,0.04638678457909007,0.033254055834185565,0.04555717339061976,-0.018703113422826295,0.03813064500589781,-0.020760295765846138,-0.001018745652277465,-0.00048343589779760904,-0.017467690387440435,-0.046243136694789654,0.01833964856764517,-0.04747843615296019,0.00021420751317521394,0.0003857525324000068,-0.00033191469511036076,-0.00733191133371897,-0.003066691686907791
61,0,0.4625481528914128,-0.0420436917017046,-0.10768205528496695,-0.04021434337923761,-0.03600644022044187,0.06772742995376028,-0.030418975203377812,0.014975820323441467,-0.02530742998486925,0.02437239415674489,-0.001209572719523197,-0.0008044607576213983,-0.03090054083768652,0.11892734667836609,-0.06840757002162717,-0.05411634740186059,-0.000610919291326661,0.0005214323491545755,-0.00041227862350178696,0.012463523256255377,-0.004396825494970225
62,1,0.6251481366949493,-0.10874294655243144,-0.031441490279796716,0.0007642801535671881,-0.018325320570892385,-0.012303547947208152,0.0674999262768982,0.020861361135547724,-0.025428235031955362,0.0240636673706838,-0.001227717907182203,-0.00046831643472385054,-0.005641116273202622,0.013757904377360098,0.020787357649722327,0.02767059537757484,0.0002061887298331483,0.00047171693383168495,-0.00041248179422555264,-0.008956300239665005,-0.004079045375193817
63,1,0.9797422739301285,0.07275765835139465,0.01746730220890369,0.009207738635818197,0.02824650544828441,0.01780464388591337,0.020740432347789998,0.006441681149191192,-0.00021802121711615255,0.013094677841337022,-0.0005555221810265853,-0.013012339659853253,0.0037344596151511478,0.04851097831203988,0.013055991474510175,0.010278187819110695,0.00021593503850375154,0.00026240215593186417,-0.00021069713600587367,-0.004288436000813291,0.0701170387446574
64,1,0.5823794121969379,0.12445115880316071,0.05266845129423645,0.006285364935305768,-0.019023612665188074,-0.06061033409002373,-0.01726342874260439,-0.044944157196029344,-0.03034351603316314,-0.02284656258134617,-0.0012158220823892812,-0.03292013702546087,0.010067197224537123,-0.08007810943868565,0.027332481297805213,0.017343427875269938,0.00023003982774562337,0.0004825398238921576,-0.00040295096063671976,-0.008770781310103365,-0.004153493855791138
65,1,0.7647462335883164,-0.028474217706729865,-0.0060214119524665865,0.006999363437917007,0.0173300086021394,0.07983325266935208,-0.027211202074694074,-0.03460586247122053,0.014521829316077142,0.033401486878683564,-0.0010799135279213519,0.04835295482214705,-0.01877622598205241,-0.010535168547287102,0.01963089539017956,0.016106661358765952,0.00021924616520673881,0.0003828633588460519,-0.0003591844019533996,-0.007756712087358018,-0.0033040867557207337
66,1,0.9048223287961051,0.10504690344469896,-0.001323636810024148,0.008673147043869381,-0.009939353379265803,0.05294321815749362,-0.017183020920994527,0.021267883975230602,-0.020857749330547622,0.0186441713152716,-0.0008362687232011436,-0.021510667278778744,0.03236953466157762,0.043231603384395634,0.018033915057501213,0.01913350598110025,-0.00033060267047817227,0.0003523292279484595,-0.0002859925908888829,-0.00607614453611537,-0.002622104309094264
67,0,0.4942729688368496,-0.11503412697484938,0.004079719978194292,0.0033542917636235716,0.04211689733268431,0.05580826727487659,-0.02420623675499344,-0.04643409583536454,-0.015063445537538843,-0.020514319907581072,-0.0012561508883125114,0.07362190801509833,-0.024945918555295418,-0.02060800137423505,-0.08741721961997151,0.01808901965823291,0.00018703656842372166,0.0004899594879992641,-0.0004183718633306045,-0.009228098549123417,-0.004439802478092489
68,1,0.6336727941093907,0.13565159261861884,-0.08490249161302932,-3.149252623906492e-06,0.048385117931709076,-0.08053015992133665,-0.036117677080713374,0.0016297576221830784,0.05869977605791421,-0.023668262857658245,-0.0012480525554597194,-0.017067791894578566,-0.007323166308837639,0.02663431297035607,-0.06580437658682811,0.025906351281653365,0.00019978663925199203,0.00046521967049343443,-0.00041542013664782235,-0.008884852134298184,-0.0040253774371823954
69,1,0.9333933855549409,0.0877539622919233,0.006656648463417241,0.007553174263407787,-0.009817803016276175,0.0558633899198448,-0.015473421716559377,0.0036994902537673493,0.011753046430864736,0.022040651508457455,-0.0007511324166193378,0.03453687751030379,0.027658661554848363,0.00882222319929589,0.01423227583083029,0.016094690146946613,0.00021364947188452776,0.0022078519028727642,0.001969792597300809,-0.0053387067428343525,-0.0023735929951425316
70,1,0.671963096675661,-0.0359750120517296,0.0286146105464752,0.0065993303034811435,-0.04334296367758198,0.004892327325245735,-0.02495610160316925,0.016396642978480522,0.033106330091647714,0.02720169476806442,-0.001205168379457347,-0.02330774064744895,-0.020101066412624463,0.011296551515713826,0.020573342473026158,0.018440933175574627,0.00020123314131177683,0.00044523001824485486,-0.00039800793303468307,-0.008696604942863029,-0.0039141211101020494
71,1,0.9833704232500716,-0.012797718251165796,0.07403381906662419,0.007600022821880677,0.031946823446632445,0.12023449869494603,0.024933534015498884,0.020057455825171756,-0.013248775792087178,0.01285294780724642,-0.0005839910699953025,0.0008912709051763871,0.005642933467667773,0.023663982107642156,0.01383692070167078,0.014115810329755035,0.00021393497903439418,0.0002721054204744139,-0.00021426009155140388,-0.004402182838959698,-0.0017703653919984204
72,1,0.9741840034594186,-0.05687835244470191,0.02504174692175351,0.07619385796179988,0.043056849214567004,0.12740077988131335,-0.011139206877872588,0.0021470362659133566,-0.019274582491355743,-0.013074382156401845,-0.000631358981687836,-0.004006002048926233,0.033638360286196774,0.07905119414854266,0.019180294754038655,0.01136919978800914,-0.010882783349667824,0.0019777541153570464,-0.0002412581313178073,0.007228049024616416,-0.002064849517164772
73,0,0.4997458401659084,-0.044485847139308025,0.023224191040946095,-0.17368882487138707,0.08126179057666603,-0.04920214217675167,-0.01575879398553717,0.008823811091134358,-0.024845634849240437,0.02414850136085216,-0.0012872060082810763,-0.0010033894333880435,0.06684440936607446,-0.04551916300235867,-0.029406226570039384,0.02483951477366614,0.00017384348924943024,0.003625080822242175,-0.0004182084019520675,-0.00934144344619118,-0.004330079566894282
74,1,0.6220998681674822,-0.10429368681803752,-0.006295947839714916,0.10145061468077572,0.04997387667264177,-0.03239412768079892,-0.031554861852427125,0.0024082980078683203,0.029363501066080478,-0.0244570051900415,-0.0011823474125820452,0.001957879214767764,-0.028170339705346575,0.018427242077159962,0.02605237930936274,-0.05019101261818757,-0.0005687745579587127,-0.006198704422403903,0.003157245230256243,0.012454905401377598,-0.003930922491716333
75,0,0.4321559494215742,-0.11855951577487178,-0.02505285861386186,-0.03332398088479189,0.08435811358539885,-0.061211078437802435,-0.019248038633484565,-0.0444783374484519,-0.024820868875118668,-0.02017683940579824,-0.001263632078635617,0.023812580314512253,0.0691107901096083,0.045652889268786946,-0.11294249380912806,0.01777286911395717,0.00016757037003622502,0.0005191922645066104,-0.000416716990145329,-0.00944875130959213,-0.0043866004399549475
76,1,0.7923028778365988,-0.08777849688754556,-0.011999159043689664,0.0066438677154258925,-0.038398631656770627,0.05585988921260093,-0.022928215751475734,0.02857457293105427,-0.014355261681749823,0.032640435705456085,-0.0039178418560087925,0.06878485323002907,0.03763049563592772,0.040581674188123064,0.020943731395185194,0.02462667308737597,0.0002161580564919672,0.00042899035467058405,-0.00035279197871577556,-0.007642614639406423,-0.003347107276785296
77,1,0.8198981536883521,-0.02776761551867374,0.048779085664666814,0.010026324736523753,0.0666120900478795,0.023417909334276916,-0.0135416397909666,0.01296823140970472,-0.02392205865607433,0.021936345162531613,-0.0010056844385257734,-0.009386280384169846,0.06387289264740882,-0.05384728202234689,0.024333982923324133,0.021839351857692355,0.00022408144768279922,0.0004282190519879307,-0.00034952275103212566,-0.007455688963154901,-0.0033562451667889467
78,1,0.9271908395164948,-0.06749022604047662,0.02727940976512724,0.09386922377532032,-0.004602932454847187,0.059510662790873525,-0.015580348847201783,0.021780066460146727,-0.0013815364901085536,0.016907343222204784,-0.0008340000390349526,-0.0055910407638287,-0.00038168206136034627,0.1066784118242066,0.020667928562183014,0.018946257648922358,-0.00030470253836815026,0.0003636497982094829,-0.0002719358309561613,-0.005998801642473323,-0.0024665647184495174
79,0,0.3979839552396013,-0.11632581843928598,0.02652024909583092,0.003011502652308216,0.05411625821573456,-0.08722372586984171,-0.04012544740573045,-0.05436196025924415,-0.030015419960210774,-0.028183700843303506,-0.0012823808831671317,0.0034344747171407056,-0.04274718781956297,-0.012608121231351946,0.028237826068354527,0.017626950503973893,0.00013630234426039584,0.0035335409814845043,-0.0004041622756633713,0.013029325486970507,-0.0044762069355000515
80,1,0.8872637426580636,0.1089482166928966,0.0143248886039589,0.010079127944122418,0.03737847659156454,0.009225297802418023,-0.014077187302390876,-0.03093309394205179,0.0038263563943105824,-0.01421579181263701,-0.0008984117063912574,0.0482180849962821,0.042253025704054405,-0.018515905139776228,0.020533762787567304,0.014043731192769809,0.00025185987467541787,0.0003595673424821357,-0.0003112215632819955,-0.006492119208115992,-0.0028265796907994273
81,1,0.7713213380500964,0.12726357969808944,0.039030779866424,0.008971646541142034,0.0408908794025235,0.050785939966555706,-0.019385526430831607,-0.03760367495249743,0.029411327820206806,-0.020144683095401305,-0.001104528225215384,-0.02080680817273613,-0.021182423323621354,-0.014331162705863229,-0.06177347766140384,0.016245076466299562,0.00021524254007787105,0.00043465413169821443,-0.00036475196340073995,-0.007807623939007177,-0.0035147850093491203
82,1,0.942974250557383,0.0900668179353638,0.024268198191078883,0.009739373843756435,0.027485091991599906,0.04235588836290646,-0.013609199871229744,0.0035601549741620616,0.0328573447555264,0.01702057814108997,-0.0007007695824937654,-0.011434309978737863,0.026499984830233064,0.002709626167618037,0.01438030625978097,0.016680158089895415,0.00019915956445848426,0.0002915142752580498,0.0019105843833016102,-0.00513048507870142,-0.00226742379388901
83,1,0.5781086549720806,-0.03766928977560672,0.043617775504380944,0.0049540503505546745,-0.05202644024795455,-0.06077045719647916,0.04185333367360328,0.00892503810586382,-0.014359741762090079,-0.09186741286848472,-0.0011812995664650407,0.01731716826239736,0.06856306955273951,-0.05612825774214363,0.028177230382528593,0.025364045658256996,0.00020157052760474045,0.0004938988450945286,-0.00039421346061450924,-0.00892127588592454,-0.004131794481585414
84,1,0.7817780052858253,0.12140655922238285,0.033976621370855276,0.08893191807397771,-0.01624834669266206,-0.07749005336314195,-0.013878089333941043,0.015477002468340046,-0.025897731123623365,0.023271187062826045,-0.001023589372753218,-0.02608607980198321,-0.03582887776295359,-0.012636246005346763,0.030594745185153,0.02211847083790046,-0.00042807526435878485,0.00042803368659061203,-0.00035075039805385527,-0.007431603002390115,-0.003218747597398925
85,0,0.36222703166092457,-0.11904377974686593,0.017770919308907892,-0.21445891779918336,0.07466050860892076,0.0050259669328461916,-0.015300563387006657,0.012927023086136429,-0.023577568476890007,-0.025198016081053737,-0.0011933553466127883,0.0005025314459219191,0.06789069716853588,-0.04663488606278957,-0.05042366318190833,0.023429864448087923,0.00013131736777664943,0.003291730661118892,-0.00040057788518192233,-0.00872869179764119,-0.004535164698600452
86,0,0.19664111512281818,-0.11704791461451147,-0.2212520974702817,-0.0060111323072659295,0.042751945355732006,0.009213906569686134,-0.02667144791168392,-0.00209755301947772,-0.02366128332196775,0.021540929040126274,-0.0011976442526650266,-0.0012719066404666506,-0.029195584823504345,-0.09931686864586642,0.022908905947733163,-0.04579277187258318,0.00011595899772493905,0.00048810219991387546,-0.0003685684319914273,0.011746093071757736,-0.004331609843996477
87,0,0.22877062926781502,-0.04962851067180938,-0.0084796578994871,-0.00918019603394592,-0.04866828359189932,-0.23783766723209246,-0.042535336516959434,0.024122139360333125,-0.028671874686365447,0.025953060158543383,-0.001203981946795378,-0.031097829054313103,-0.03301371290219029,-0.03346360160337553,0.018621099177961047,0.016462398801146888,8.060906239789935e-05,-0.005848464920551559,-0.0003824458773684439,0.01165682158363752,-0.004205593035457808
88,1,0.7681471334652279,0.12558594564766437,-0.0253982225091598,0.08165692135835378,0.03532368263064355,0.004212423711159735,-0.02307320847480475,0.014459945617711767,-0.02615865812006482,-0.020401076471573538,-0.0010386296667511442,-0.02766221056569687,-0.017563249836671593,-0.047138892069326234,0.023806767098039156,0.016835176105023875,-0.0004636421512334195,0.0004121436384247566,-0.0003521230203349379,-0.007580480021234824,-0.0034071365313465642
89,1,0.8007318083566085,0.12239611947595337,-0.009179256127114293,0.009244265533028026,-0.037889005520968744,0.026929417278819198,0.03661821380175919,0.008334343177491632,-0.023951133032074023,-0.0206088584648889,-0.0010500291306641634,-0.009286927173052018,-0.023740381964357116,0.006671667664635274,0.022869823652700783,0.016322462537656863,0.0002453933937364011,0.00039687829387112056,0.002692701508245502,0.010902546281117134,-0.0032780899256937834
90,1,0.5804377306504419,0.13347573409105765,-0.007439992408233173,0.006317492611941119,-0.05117502491808117,-0.08766765894654056,0.040476567315156746,0.021735053097355125,-0.024028100258025792,-0.024582168808338,-0.0011910132464950697,0.001387652505252003,0.010380918901490774,-0.06148692890178529,0.026946032088701343,-0.05645804602326962,0.0002061125651363349,0.00046822082420028277,-0.00040139864886995735,-0.008716773136192015,-0.003900605150423705
91,1,0.9716673311872773,0.08658682611544277,0.08526666646136193,0.007741877810799019,0.04214176995580295,0.014408022367211745,-0.011122884157052981,0.00864385298225715,0.0015489143729661193,-0.011093135206726737,-0.0006485412145788247,0.03673290148356156,0.03960631954003902,-0.01776574380266972,0.014985899581992992,0.015073427585144095,0.0001930985779823128,0.000294331646605477,-0.00022287760608447985,-0.0047103887081880414,-0.002084663694995515
92,0,0.08979085258053136,-0.0984286570043547,-0.151893368666127,-0.15122685023280058,-0.014052688998716025,-0.06449897787444178,-0.03570072985908869,-0.0063298220248338005,0.00011074782270619153,0.020190809961538866,-0.0010117710530283708,-0.002906997117223009,-0.027189660111310677,-0.0064012052767161145,0.012122102932657896,-0.04006845419746741,-0.0006384136151617916,0.00043357033232983036,0.0026478568121294736,-0.0076229923540682394,-0.0038353039918988014
93,0,0.43013066146307766,-0.11632537338075509,-0.004165998876260277,0.000785891511010659,-0.020468972410876602,0.06661995384354752,-0.02783910082308889,-0.007346203128265237,0.03506330911266886,-0.04888045291674282,-0.0012690985006583028,-0.021842348380190005,0.04115148100312607,-0.06465360377013923,0.02138070722420599,-0.07794643596754941,0.00017483174813321076,0.003651439468711768,-0.00041487114119663726,-0.009113254151931642,-0.004522896097078816
94,1,0.9274855212554494,0.09647902662223841,-0.12332915801214968,0.060413726446264415,0.03563100118049311,0.05775131118873894,0.06507186791891184,0.019683161685615444,-0.018257392604098487,0.017104320644847137,-0.0007831890085650458,-0.008033970220556791,-0.015449038974222104,0.028654204367978182,0.018371509362243254,0.0199482842872875,-0.0003154170794068036,0.0003043038895268792,0.0020862187457574197,0.008535117368917036,-0.002472023650778176
95,1,0.9238980100056241,0.10148123535221328,0.12843449383017777,0.008832388966085227,0.020005263094377102,-0.02098137610099698,0.014206990237595932,0.007557819999154239,0.01973943501439922,-0.016967954165752887,-0.0008105805631690213,0.013749589358952924,0.048705143598609925,-0.04330283228343031,0.020945761432913074,-0.037472681491094194,0.00021828027440811784,0.002396863278196435,-0.00027181498904514195,-0.006218164853766357,-0.0024415070806095146
96,1,0.8496491656655554,0.11459011802621377,-0.005626658193633287,0.07874205125854579,-0.03700432764854654,0.048982394830700826,-0.010667352000332553,0.00976114651602431,-0.022357388189390457,-0.021688826823321433,-0.0009183762070013682,0.0023983826209137324,-0.0010058540523452258,-0.016857526105302528,0.022892228727303232,0.015614734172030261,-0.00041496041708617704,0.0003594814816402179,-0.00032205233223355406,0.010064462649787739,-0.0029841697448187384
97,1,0.5684437590671462,-0.10988037611166485,0.00010360792315161627,0.0059218472523670145,-0.050810762573870315,0.05997945754569952,-0.017285566622677738,0.010742711270824044,-0.029496948172869967,0.025635435233695544,-0.0012504312151633556,-0.012396450676669323,-0.02350738220717626,-0.004534793049356616,0.024316114888333736,0.019034988974872144,0.000190230602241002,-0.006457172633984765,0.0032444414799492247,0.012989778898479368,-0.004186628835440766
98,0,0.127575424941509,-0.04890931487778901,-0.09920719885162242,-0.11523112370476118,0.019437247685065672,-0.23112981800450674,-0.04196594862336358,-0.004138086618113676,0.02947426850000563,0.020948504448490442,-0.0010894312316072404,-0.02135520831337151,-0.02015161802516403,-0.06197250019088472,0.011954759132828056,0.017914329440401982,3.829809238422669e-05,0.00040785528515859155,-0.00033952551896052063,0.010480549376683456,-0.0036822701557702666
99,1,0.5754730348601899,-0.10738092099739398,0.013400738504260733,0.07598235252832856,-0.04434490573447216,0.06638890419714977,-0.02691063595211696,0.009277615821110646,0.044885998103495445,-0.0246759490349938,-0.0012249768593960778,-0.0010286419844154002,0.04016663058327316,-0.002876155113441472,-0.08364903938552036,-0.07574349142252071,0.018473707595303025,0.00048603500350693124,-0.0003886983435313883,0.01270113137813944,-0.004158321122982804
100,1,0.9620446938572611,0.08002437231429303,-0.021220474452953508,0.05809406400409304,0.025666002083593372,0.046878295783995494,0.039231824306211686,0.015617399813245914,-4.219017818214247e-05,0.015114016427607832,-0.0006629616609826102,-0.014384829689337797,-0.011947395786861556,0.026072916962636025,0.015135431286356096,0.015408737262286254,-0.00022705986147100732,0.00027265606063486364,0.001758038223540125,0.0072190649090907765,-0.002054871046939947
101,1,0.7083699875668407,-0.03236960562159898,0.0481796738346642,0.010507899851532339,-0.022839817757626224,-0.07826015012993268,-0.015030846496263883,0.015062489808781165,0.0535029428563022,-0.021285924013772717,-0.0010681097476956138,-0.015529633010373809,-0.04083590569379856,-0.03504117164136352,0.027586757872409193,0.02378381523723362,0.00021103574630909153,0.0004464224661834132,-0.00036835174219353406,-0.008251373189667366,0.13387818184130584
102,1,0.8851834897876548,0.09929840460166488,0.040741489896177624,0.012076595659794543,0.06378402884778389,-0.022939298124943913,-0.012247058562905574,0.012426816332458965,0.00023537076596806075,-0.016909435018691864,-0.0008889032298876933,-0.019944951512156788,0.056466160129695915,-0.029565489202776962,0.022707238873719403,0.020545815132491523,0.00021274231157204318,0.002626816067395815,-0.0002858005706556921,-0.006397633847392489,-0.0028510758580636056
103,1,0.9328082917482637,0.09300600248406549,-0.004787856396471312,0.06569775565123782,0.0281949768280121,0.04103193433742278,-0.01527744540589654,0.0036160337947889107,-0.019642142962340705,0.016902312321179492,-0.000779032670240265,-0.018282879955243688,0.02794312587561845,0.020767495416592074,0.017940815994016493,0.016589748023901008,-0.000247812007686458,0.00218230526261382,-0.0002746222947530204,-0.005449801141248045,-0.0024142785037116247
104,1,0.8807654331044603,0.10936092478760201,0.032131429985868855,0.008807333206594955,-0.007457702502867934,0.021916758187042775,-0.013723667329326792,0.026231803977961418,-0.019342002622058554,0.01845715503476927,-0.0008943489777251216,0.000647963812013643,0.005766544464404694,0.04068959328877638,-0.05372038972203893,0.021992565188414873,0.014227514250142325,0.00038417201926328287,0.002418479320407068,0.009602022657144924,-0.0028223730183364187
105,1,0.7052645324151017,-0.09199030718656731,0.006358931902179042,0.09288706446406281,0.04311299435753111,0.03203839919461961,-0.01915658391271304,0.01004891787169824,-0.014015250568801816,-0.07611125333685798,-0.0011108676240234594,0.01219521378221979,-0.0007868420548136726,-0.0007064656476856584,0.028266164661442092,0.017165753249720365,-0.0005177192120182547,-0.005728882252549435,-0.00035686360799797034,0.011342055010780401,-0.003761583771530357
106,1,0.8160860111559465,-0.028975638700466145,0.06587334702526149,0.018149576212038665,-0.00846285170058099,-0.048333963247949606,-0.014359245330064893,0.006577318896312199,-0.0211031205170219,-0.020743136620843563,-0.0009431676551379109,0.0014605247471420797,0.010081048411731375,0.14884090603857178,0.02422022568536884,0.01644012547753368,-0.0004164718101947601,-0.005221826980180366,-0.0003396400398565554,0.010338732386295199,-0.003088388218418762
107,1,0.5986064443802076,-0.03679482218045732,-0.008198852339681971,0.004068274672060108,-0.027918178625026265,0.08741845117152958,-0.021760426287677045,0.01041674077020364,-0.024846243538356516,0.023916911628387383,-0.0012128416045817936,0.00015309696847850643,-0.028739063642841175,-0.0018125213338747725,0.021495220904709223,-0.05091474130901244,0.00018456372309230695,0.0004651101854396174,-0.00040945546789934495,-0.008920027811028491,-0.004076408599660464
108,1,0.7878899526660409,0.12511318142976413,0.002068280495871086,0.005988507138197513,-0.01521654285536137,0.06766340883792106,-0.022678408628199444,0.025637180047965363,0.026428175659345854,-0.0212194443261467,-0.0010335148319223543,0.0020435890632597986,-0.003011422757728782,-0.04870078208122288,0.018847917503075667,-0.04803031491860337,0.00023175398944094242,0.0004177925680642995,-0.00035821210473525417,0.010965771435601124,-0.0033586200949524323
109,0,0.2303428121495589,-0.10819137840122312,0.06636685827746745,-0.00327672448696738,-0.025959673922762983,-0.4337670595416953,-0.026937477537274462,0.010031798802533909,0.037935441455809495,0.022207169638817623,-0.0010592223180589087,-0.0028294759468223975,-0.029358013416103338,0.09904704071728555,-0.06128554762035792,0.020274191795164397,0.00012566917554847692,-0.005556750331968053,-0.0003537621205600532,0.010755366028919517,-0.003917295194599915
110,0,0.35506724212710467,-0.12005929574808503,-0.10839368730834409,-0.0018143679706103925,0.04187997971701729,0.046368950590708204,-0.027609900765637314,-0.004735429261676596,-0.025592124838992716,-0.039015991647852674,-0.0012794848235340554,0.013151130920098288,-0.025381102811348935,0.010807336124534881,0.02320673705809231,-0.0789385987633384,0.00016386246654211586,0.0005173298579594967,-0.000407826343265955,-0.009320417259487082,-0.004571514162080102
111,1,0.877819682195548,-0.07598939362039601,0.0896621619319007,0.0945284627995822,-0.038926162405212426,-0.026000223041157955,-0.014559811536514778,0.03263753935284664,-0.017788392585902982,0.01804724124957854,-0.0008742372352594044,0.00044890409784490343,0.05254924393078381,0.05695133635545604,0.02679707528386603,0.02191374629213037,-0.0003664531795456634,0.002701619373662543,-0.000310792609217241,-0.00660646175692058,-0.0030873775983814716
112,0,0.46842248048676915,-0.11341501541184777,0.03549028165839926,0.0978091366145243,-0.02081633641147566,0.019723912309521714,-0.019255836122655027,-0.003666600025005002,-0.029319624079711604,-0.02573188493363428,-0.0012373327422611862,-0.012314913481612878,0.005771910153692025,-0.06947407388561239,0.03086415870420675,-0.07805820573389134,-0.0006390285973003687,0.0005129066579457516,-0.00039996299748955066,-0.009013673542419512,-0.004498994743009216
113,1,0.9733082027528165,0.07584954018539565,0.09783297047261628,0.012206798734020382,0.00013600063126770665,0.008052244239453249,0.011165889194098616,0.00415701324503881,0.022955283865451207,-0.021862721173417504,-0.0006058971095842617,0.005256778258054114,0.03183439628878413,0.037642604426116937,0.013524696013003365,0.015382275572457063,0.00017408138638685491,0.00027524699012666337,-0.00023002449707137476,-0.004682239974776782,-0.0018483910910097046
114,1,0.6524852184821429,-0.035956772005740406,0.009890951510325293,0.09761002431843535,-0.0178045678876018,-0.0629737859697665,-0.018078184016898247,-0.04274257426823976,-0.01485831599845928,-0.018980811921241042,-0.001176615646562772,0.0697491306003262,0.01064239958832986,-0.02576818185351953,0.03278144768627414,0.01722281214377847,-0.0005541709497409916,0.0004559230389565988,-0.00039206496104040217,-0.00860394749773691,-0.004069134524142673
115,1,0.8858158346545701,-0.07829302336357673,0.15034408584982417,0.08660009642465351,-0.012338188607383704,0.060734382836992305,-0.016545859894910944,-0.0021448367279846975,-0.01844930925881015,0.017623441594732947,-0.0008808141815077978,0.00021195815456991757,-0.02214296297046577,0.03381095994722278,0.023002865153136962,-0.017971423120700974,0.014450190579153107,-0.004497308844189515,-0.0002951407232375941,0.009328942423845188,-0.002823877713199941
116,0,0.4529972167892485,-0.042274744201009545,-0.003179171948802915,0.08151061215029144,-0.05706966272818247,-0.12004548764824714,-0.018377436844498846,0.042224582957008254,-0.024891176385401836,0.023186023716866195,-0.0011959262600851662,-0.0006420250718801451,-0.047056102843417213,0.01979690979121963,-0.1036771775982206,0.026537735301393545,0.00016979470619076184,0.0004987390132789848,0.003174354692316257,0.0125644136030839,-0.004348694709060128
117,1,0.8476518626671322,0.11541395967448866,-0.011254200767218827,-0.01804510988899165,-0.03422026410377384,0.07573127581104082,-0.021120205275273602,0.024103834310267396,-0.01963886071077112,0.019038594615942452,-0.0009132775491473288,0.00042589965257977075,-0.017152260200737155,0.03425193461389077,0.017465567830830475,0.022514740975284667,-0.0004026873033772342,0.0027305733213421565,0.002476131061641601,-0.006869546770527077,-0.002975893726763351
118,1,0.8463649954576545,0.11620349194888964,-0.002398866015041375,0.006556113050134367,0.03318452579154218,0.06953851150750436,0.05199593626220946,-0.029906608807778567,-0.023815449810499253,0.022092030903464396,-0.0009442841927147875,-0.024296177067511568,-0.016358577711029446,-0.043891897832511094,0.01788801105494178,0.014719815768383035,-0.0004042839182992382,0.00036067178995407195,-0.0003233932321449519,-0.006914625333054453,-0.003011605795191219
119,1,0.6469180781059349,0.1339176081000383,-0.1503969447418041,0.06742852795369673,0.017646639597143212,-0.034643801449981686,0.09347979707822406,0.017643689272132158,-0.029847306644414883,-0.04537242465680946,-0.0011847024009739558,-0.029791770247681985,-0.01848521883904856,0.026962365378998144,-0.07726026532987652,0.02675900703894751,-0.0005517760433271674,-0.006066509809922721,0.003076599833093413,-0.008681758575141203,-0.0038053345037632378
120,1,0.7956281515495636,-0.08657432727628983,0.03619087219339862,0.07632734432992798,-0.037070461699489236,0.053854309608071194,-0.019517630788237757,0.006479962837630804,-0.021110712067912745,0.020172837088419857,-0.0010285440158937093,0.0003303056373770846,-0.0009466185936699706,0.03161267216264864,-0.06910093583955608,0.021967555773968802,-0.0004578394950418378,0.0030060710802665147,-0.0003536609626333398,-0.007390747493926357,0.12314604197409967
121,1,0.6389491632880918,-0.0356416105270378,0.014622713235659243,0.0018132315028765399,0.05449008451599077,0.07748670109926929,-0.02949263275125373,-0.005286145782519046,0.0533906115489317,-0.02610798581471634,-0.0011875623875687812,0.014522039804516251,-0.021635180046473895,-0.08070421107589586,0.021309595024168404,-0.0735100089952498,0.00022194126295106698,0.0004624275824010084,-0.00039887134692702847,0.012525935495359629,-0.004023566152796962
122,1,0.8199986712062168,-0.08654370928031153,0.04906480693416876,0.09299819872285182,0.07077454763347461,-0.016349424485349245,-0.013706990246591317,0.00806769713568376,-0.02118801299668834,0.020481996457736837,-0.0009846885598916721,0.00037316266676756804,0.057287206067546885,-0.04960354975154855,0.029706872137160042,0.02209311224835725,-0.0004239472068168955,0.003004370981136951,-0.00035027805450551136,-0.00735927639591787,-0.003435079897452518
123,1,0.7334862665002392,-0.09582996033108639,0.042784459950564846,0.010159980991797121,-0.01707239411059028,0.04158594041769654,-0.01918326526525443,0.00776111091931463,0.03090647111362793,0.02538046826650236,-0.001124957961867179,-0.021828243848899778,0.04555431463079531,-0.01899472043432125,0.02452551871721745,0.024311132107289374,0.00021891814201828916,0.00045668378992973213,-0.0003783097515055456,-0.008039613696851957,-0.0037989242425450764
124,1,0.5479364125350069,-0.03964464697857669,-0.006859149916356212,0.004476682347114037,0.013369120621866194,0.09873744868875108,0.03288052848810169,0.015480838173706915,-0.029513645183772003,-0.046277796249291986,-0.0012192410834909993,-0.03153073187409425,-0.022222526908551202,0.04994971593222722,-0.06994938238568345,-0.07527805414290754,-0.0005977203382613016,0.0035378967555068966,-0.00041437528745849145,-0.009007365326014866,-0.004072839894213848
125,1,0.7989955315573829,-0.02676814533392824,0.006841773226126345,0.08723011688883003,-0.014430484927215806,0.03459360130403475,-0.019864634337896158,-0.03575984168606174,0.028090145811564157,0.023387319064787276,-0.0009913725988516208,-0.01976677853107991,0.03899076083285559,-0.0020694271545703643,0.026737379019459537,0.01528123731723357,-0.0004466703280686472,0.0029449711028486877,-0.0003468593638170416,-0.0073977112616544355,-0.003351504583620014
126,1,0.6165013235694284,-0.03807096950893727,-0.0978580312741159,0.0011444428178910768,0.03559920694240069,0.06515782731805284,-0.03379625532115755,-0.03207541181254136,-0.01487786083957974,0.03687572826467159,-0.0012128724865333822,0.0784776964437626,-0.02990946061084795,0.026028703572660464,0.022870123995777356,-0.058076007756192316,0.0002095511494522815,0.003500472271867882,-0.0004061801498166188,-0.009027716105860407,-0.004143320437931424
127,1,0.8719378201047998,0.10863293216322688,0.045748568429483216,0.09266579897695902,-0.008116764180309216,-0.05820662753252276,0.03267620604635208,0.015461351578032634,-0.018146541652206704,-0.01807452494878854,-0.0008647625651141735,0.0019122441209004036,0.010776364505136915,0.03624349992948237,0.025645339493830355,-0.05306961072884011,-0.0003676383657793547,0.0026680602976244527,-0.0003042757839827372,-0.0065471330994768635,-0.0028863236756135565
128,1,0.9204943228305693,0.09691289416007753,0.024310207508099747,0.05745088562565315,-0.010438607169738398,0.06417853948691006,-0.015259560143804404,0.017699835194377584,0.019228098028839135,0.01643510006368956,-0.000797341308253143,0.0007388329177238964,-0.001446720488001892,0.02829670426067379,-0.05389454170176102,0.01889883484560878,0.00024047150158250374,0.0003193347116284366,-0.0002783722530291753,-0.005734795949555921,-0.0024571335565578326
129,1,0.9299755080070174,0.09787710811527957,-0.00588023647920292,0.08210396597992249,-0.0009647270351908627,0.04455629167831024,-0.015000941064587353,0.010606377534058381,-0.017187546765031217,0.015885418584309936,-0.0007385174648226698,0.00041785043865459154,-0.01960645536531019,0.08848042234227117,0.020495510184076037,-0.031004217517542555,-0.00027968019578215875,0.00034516863115825286,0.002144454244153581,-0.0059569270612306,-0.002409467872881673
130,1,0.8452279897879272,0.11447896078528509,-0.003236900257097816,-0.014953130833274006,0.02662125209996651,0.07395106901472019,-0.02383981748285618,-0.003998014474606733,0.046383810761461884,0.02204270973281852,-0.0009708255648687714,-0.014302749935210473,-0.021882004011829867,0.006534346002111326,0.016191837494188194,-0.03424448497840273,0.00019654701448695391,0.0003774188731555152,-0.00032403897691243855,-0.006871817962020267,-0.0030178346095926373
131,1,0.8212402606767437,-0.08760458867629972,0.035455637051310766,0.006221075300204724,0.08524595728834372,-0.01267172920824486,-0.013208318307359836,0.03638089841197544,-0.020933879451506755,0.020498264239055656,-0.0010530267473538811,-3.829316801056785e-05,0.06090493303509742,0.1189713230951437,-0.08887863342845025,0.023971591235031158,0.00023476020062577116,0.0030385483867176924,-0.00035420458816426875,-0.007529335839941725,-0.0035023752478351897
132,1,0.7306808440030901,-0.03133728313226692,0.026137877223928362,0.007896197622435736,0.07994321461665446,-0.05184988456359622,-0.01484263977316006,0.04000653222753708,-0.02770071905030126,0.023335542256347448,-0.001099035931950774,-0.0106153429270465,-0.039316048005184435,0.01863365243469375,0.027694704064505568,0.025997969761991795,0.0002336150925098627,0.00045712964485640956,0.002943927269923564,-0.008167088719001528,-0.003763133206193097
133,1,0.879662993423586,0.1102119071417963,0.030083755797899635,0.010652558373173646,-0.012420756925682522,0.03481916216675493,-0.015728633761750804,0.008611202549399205,-0.001013998330191862,-0.0177572956669511,-0.0009036972212948247,-5.9239308180451346e-05,0.037074877146136644,0.002185199527994184,0.019994212063345323,0.014529289209271398,0.00023189369569700155,0.0025785086825573372,-0.0003045561552832467,-0.006411424626595945,-0.0028016280309162193
134,1,0.8174076504402621,-0.08748584302605243,0.1724130264528351,0.010038265474229572,-0.043701355024127225,-0.01824868117056957,-0.01572825110841877,-0.04222145984634396,-0.0014608756099115338,0.02012092868827156,-0.0009758461262128435,-0.0017385661713272434,0.06177476488495138,0.04564386289664435,0.024512050993308596,0.015269420100614743,0.0002092897322410331,0.0029514738088633474,0.002603533943320392,0.010622507497761308,-0.0032822530462232324
135,1,0.804760647170041,0.12517655051555418,0.11095356370128774,-0.14981600650774626,-0.050207345835283135,-0.05346212446476915,0.031430615686127386,0.014739421281696781,0.049220134700189745,0.024091559427664635,0.016389972439667687,-0.01467156013416856,0.06204056352284839,-0.02008956732280452,-0.023072294997707146,0.021263315941927218,0.00020065177032798273,0.003064616510834617,0.0027711774639114736,-0.007739412784249143,-0.003614840841674155
136,1,0.6275369619060953,-0.10383695938576361,0.004986577045943098,0.006574857314846927,0.04584123586196293,0.026394522267404765,-0.02112402126846251,0.007945866717555641,0.0010267091951677344,-0.022589227125009506,-0.001193681624836504,-0.026389081521510437,0.04507824244648121,-0.05864771487958311,0.02454300087409543,0.025047524875923405,-0.0005718105461986986,0.0004683774038975695,-0.00038993089511449075,0.012424317333588267,-0.00414349928069889
137,1,0.9578622430857098,-0.01624051925111425,0.10986595726934113,0.06911205204471836,0.07346532565276137,-0.04490823431782262,0.023886632996456356,0.004462122930142008,0.02870671641515959,-0.01383106127461683,-0.0006901745310221447,-0.0011932136559569956,0.0076807360667528425,0.025405931308592464,0.02033103104979939,0.011488020375850625,-0.00025751100818625916,0.0019836374364044737,-0.0002441472150076507,-0.005150167189003296,-0.002102549113944354
138,1,0.8335286737739437,-0.08647763627031518,0.16348172302094163,0.010615129091220471,-0.012930771044919494,-0.008411570878165292,-0.016412475727566028,0.007211242064207739,0.04796134313651431,0.022586341948857478,-0.0009783359737205709,-0.014906301953477114,0.050319622859548684,0.03422469685475437,-0.061015709500598724,0.0219915399745965,0.0002407822234478755,0.0029931732337234404,-0.0003348567421793125,0.010497448873535084,-0.0032183685128696995
139,1,0.6370885972375,-0.10207164052827739,0.1042961833858208,0.09437041554209948,0.030216817607793142,-0.07237559518549397,-0.021730928758812718,0.014553148299092919,-0.0011414427009654865,0.02152987116485226,-0.001100679380964353,-0.0027531167788920527,-0.03693930937846162,0.07398955358046592,-0.08704301585260843,-0.04762308763496986,-0.0005484027108388703,-0.005821593588529681,0.00306271710815093,0.01205987050699686,-0.003932824555363419
140,0,0.20597676144685453,-0.11510390710766218,-0.22678715327337504,0.07240163511042196,0.04621335033258594,-0.04718049346445246,-0.042677788554434375,0.0035805836635111805,-0.022670483314874645,-0.024005188324200833,-0.0011576714458912767,0.0006834096298981631,-0.02800245790634069,0.06923130357896425,-0.08594391823331443,-0.04853576082684997,-0.0006066066337742567,0.003191281014956237,-0.0003676025881863808,-0.008300921115136878,-0.004076506191395901
141,1,0.7067478029454731,0.1254095537648613,0.14763685696474202,-0.16163246516304772,-0.051556259146481855,-0.08924174244787893,-0.007611942741679594,-0.0025884937725867397,-0.013703028971880435,0.033014776287119886,-0.001062757945432563,0.06801984612731392,-0.03492109317288445,0.02083702215295684,-0.05373405230190681,-0.0642918742927918,0.0001733932310082273,0.00043106640881799413,-0.00034621634725295197,-0.007824815047254335,0.13364837226332427
142,0,0.20256963996211885,-0.041986408529921825,0.11669407975383961,-0.22559711057002688,-0.030650692395186155,-0.030998801225345693,0.035836965563303715,-0.04148404297948229,-0.02800425508599431,-0.021516569511724478,-0.001144776552381326,-0.029563478046156968,0.007101388302938546,-0.06004950511976747,-0.04694263996388925,-0.05643238110221053,9.623537511937776e-05,0.00040257742566473614,0.002806966716630173,-0.008000886008347195,-0.004088683181349086
143,1,0.9192089958247247,0.09856367260988137,0.026833432411963856,0.011812971475910783,-0.009697990005383109,0.05434143779952407,-0.01440119957731587,0.005174832897086322,-0.020656025561818368,0.01849307845804685,-0.0008001383601823944,-0.021525346026612838,0.034203713542354824,0.042390311697685985,0.01880370440536934,0.017693769344244593,0.00024598195798033556,0.000338867911160709,-0.00028415678862032484,-0.005906267883131741,-0.0025073115798275127
144,1,0.7654905250060502,-0.029697619121733423,-0.07346723604419325,0.08356178362821086,0.04995792043214661,0.014987448298854747,-0.029944026190772882,0.0017764619215107035,-0.0017575359368333075,0.021677699759102623,-0.0011076845371465426,-0.0018609165491749134,-0.018607537386229625,0.029073922968043786,0.02399597938526531,0.023226627582229088,-0.0004956444658310993,0.0004126816147192967,-0.0003710732905153613,0.011473973593866047,-0.003436357751875216
145,0,0.2603276299678996,-0.12157290094533241,-0.01112967282810324,-0.24149292040800216,0.03156682820594322,0.07352971964147041,-0.033978075449272845,-0.006517529088557304,-0.03019254208224711,0.02745487534514214,-0.001234431952013771,-0.03394751818743398,-0.004505690644758619,0.005094405284549046,0.00774118075765269,-0.07451040290000906,0.000124595336165826,0.00046271146485154027,-0.00038893550315652337,0.012278603975086712,-0.004546327150480661
146,1,0.6846276254453001,-0.03500554615404843,0.08646470735794302,0.010267225590569215,0.02879713090297023,-0.042297043638044034,-0.021920528567590733,-0.045292916462228605,0.0010199778703073013,-0.04100043337612674,-0.0011018324852423132,-0.02859242528905957,0.06695684868581765,-0.013849339467210084,0.028604900668983854,0.016909635001646803,0.00020897704475777526,0.0004818466986865148,-0.0003865419708297309,0.01212385398942796,-0.003852528051834977
147,1,0.811386239458198,0.11488301716133657,0.003637493826758341,-0.18555597864859155,0.1089496940375851,0.06783872225317318,0.010568287880550106,0.0024151595121414244,-0.024088265839820714,-0.02008993334169674,-0.0009989830993623282,-0.008493187394673403,0.034547720998320326,0.019168558219120054,0.0056365693318448234,0.02147567649345189,0.00020432546322301606,0.002783339779995085,0.002609013603222086,-0.007209900796723831,-0.0029867470780594874
148,1,0.5424159961072467,-0.11200440196545923,-0.09968653291145073,-0.0007528908633133458,-0.017415864657914438,0.07291296063370041,-0.029856778513571103,0.03147687592465426,0.0339415351086664,0.02760184090741309,-0.0012455929732997338,-0.024254766246785856,-0.0035544154912248646,0.052922324295790614,-0.07151731314305768,0.02745375823175307,0.00018334153806057649,0.0004992902194414367,0.003285271341592529,-0.009318363461877732,-0.0043459389622774
149,1,0.502746248296827,-0.11404219958626481,-0.017624650191652384,0.0039151943749993435,0.04725383751424748,0.03277282925804978,-0.02510937590092094,-0.046922447849481186,-0.029833669350612005,-0.04042297235848701,-0.0012647071116535698,-0.0006890650462181869,-0.001658046768691646,0.0009386302680301217,0.024715169095854143,0.017876192648471078,0.00020101254333437096,0.0004955946941867309,-0.0004068487145347244,-0.009157567254395697,-0.004382319063838856
150,1,0.8698877185397679,0.10962084993762593,-0.006636042036213934,0.07681737537900828,0.036672455018470045,0.030886488118213568,-0.016226167405513383,0.008764119000030823,-0.022787435809186032,-0.03159824285531228,0.013862888213592042,-0.024114290498317103,-0.01871577082589899,0.002215660960881873,0.024302027824763022,0.014082998440103764,-0.00034909324606650455,0.00035417993875079545,-0.0003106298470118886,0.009724233696774623,-0.0027695425613326976
151,1,0.7093113366888066,-0.033129633244669464,-0.0080299625042788,0.0041395914009933615,-0.04383471019825259,0.10456310221013261,-0.013439549865085528,0.01390728511803182,0.03068934262884677,0.024335065559733592,-0.0011586202661259537,-0.0050823699230386115,-0.020041894993600547,0.02795920586742169,-0.0636324735999277,0.018078025296411775,-0.0005489847561052918,0.00042252980424918135,-0.00038329436296280495,0.012209047890813465,-0.003802022470186165
152,1,0.8097785564848651,-0.026380669964293838,-0.004703984216165834,-0.019974855094714732,0.025982270898531615,0.06331560432074584,0.04865173525361539,0.02746135593066651,-0.02613373664200766,0.02344276204563697,-0.0010086314828062493,-0.026653890835251118,-0.0012622514906268413,0.03004781952555875,0.0181390492107701,0.023733567011170364,-0.00044163672427619444,0.0004054291126365887,-0.00034517644555494276,-0.007390076166160178,-0.0031977848590140634
153,1,0.5514426864072006,-0.10769121193549121,0.0001710228192746225,0.11982474945469597,-0.04543953644803337,-0.09769878445446016,-0.024292783981851942,-0.006264740009236255,0.02961934775366024,-0.024355811281275067,-0.0011775824089680063,0.001752861604606283,-0.039865907995035844,0.055912729529864626,0.0310892578240278,-0.02357392924187292,0.0182048107606802,0.009008761432140092,0.0030553517096084484,-0.00876553136863059,-0.004162044452909269
154,1,0.9420094776734005,0.08887129707169177,0.031624201939876743,0.009401078238758576,-0.02834526328031769,0.02975162209277631,-0.013681478310561684,0.005206504076602364,-0.00027508617240162386,0.01680655167951221,-0.0007273714347596864,-0.015890003405871007,0.030866841250859114,-9.256035505012898e-05,0.016960329677459893,0.017419938820025054,0.00024229105600123702,0.0021554526835178556,0.0019773910089153773,-0.0052982803305247584,0.08894436427048329
155,1,0.7346441757911985,-0.03109453329925863,0.03444299113169142,0.008269030581994527,-0.01639399021027337,0.07441388075252638,-0.021565674330610237,-0.02547670658980741,0.005663498645984792,-0.018058376178115235,-0.0011102052257383939,0.061927012423399715,0.03958876412863974,0.009097993224665776,0.020314514906021416,-0.05369643326359521,0.0002327386676407167,-0.005930276003012431,-0.0003688142318143406,-0.008074417680960502,-0.0036284787545865734
156,1,0.7398674256852894,-0.03221779246039204,0.0472855404077212,0.00611892441095722,-0.04525030480801454,0.1788940922938703,-0.016190341716844033,0.002783040562833357,-0.02189499223970331,-0.018233819301654016,-0.0010943069878258521,0.02142339435025938,0.06371115789963971,-0.06535578442880767,0.024889367305451604,-0.06261562203191917,0.00019542825308441666,0.0032177812717720986,-0.00036112145826993253,-0.007837237470406285,-0.003691635262868619
157,1,0.8454393846690427,0.11456664863441683,0.03280074708049167,0.09325153024020498,-0.04005679521759262,-0.06941704932653847,-0.013831810681087279,-0.024467575316715392,0.04557632034819346,-0.018244978813925138,-0.0009122765378722919,-0.013713305842094257,0.010866930719116805,0.023559005848294217,0.02833377159288114,0.013761275075402124,0.00021602030875863173,0.00740622769328507,-0.0003318895965562507,-0.006942528519361936,-0.003072540116663238
158,1,0.6518058710809591,-0.03250889664591145,0.04888830952736962,0.011502822401601545,0.03586256574363376,0.014854589468962268,-0.02204713301616382,0.008621931684443937,0.015441406626081233,-0.08431332284738623,-0.001138545648446616,-0.007851611346267023,0.05554162093031498,-0.019476621751677293,-0.07012047365109479,0.024057045023327867,0.00022761050320679413,0.0004650831408502115,-0.00037925955263307803,0.011997817097622243,-0.003910723703280744
159,1,0.6956954981845663,-0.03421734945166545,-0.006948555979920931,0.004724670208484508,-0.014634349449660147,0.06825644013038196,-0.02543911333426685,0.014787722106053733,-0.0006631634325537419,-0.037735100645077214,-0.001168707659410707,0.0013275071825692292,-0.02082156436078598,0.0348046897882851,0.020500163722023495,0.01808036548917898,0.00021296280350678598,0.0004566460147829021,-0.00039693766437075284,0.012253708799423566,-0.003776193178816875
160,0,0.32864944013427205,-0.04486314394253538,0.13188215458980546,-0.19674084375492748,-0.06520618650338834,-0.0998974884330754,-0.010519819686883264,-0.051839705994718065,0.025700473290339684,-0.021746445335151392,-0.0012298837531928644,0.03918689924659898,0.009072130079891086,-0.025293773903607264,-0.03273568646446006,0.01681085541738022,0.0001441954119695485,0.003369310528330645,-0.00040352700911457096,-0.008844172840791439,-0.00428755790460469
161,1,0.9234433108993645,0.09769898319112312,0.019499513048966997,0.009810668737431213,0.036778966832747416,0.06356971659338134,0.03608769583534414,-0.017989782127465246,0.02850528107153354,-0.015708943612171743,-0.0007844454155589339,5.768082571995977e-05,0.029607733431680206,0.0008773780099364756,0.014775627896564137,-0.03765779557969438,0.00020395805899597422,0.000309966830111109,-0.00026493859358376243,-0.005614831299661153,-0.0024107799324433374
162,0,0.37827626835231426,-0.11770705681448444,0.028619163741736033,0.0010358458472630682,-0.022405377274017493,-0.08882915036601675,-0.0163673836715449,0.005353800504167216,-0.024921141333877975,0.023852300316554526,-0.0012635423482405654,-0.001056156181903932,-0.04964480251649942,0.0320957274786641,0.027660064146867502,-0.07770305295218788,0.0001492727174003857,0.003573167539691636,0.0032523887455750133,-0.009027904573437504,-0.004481551749799455
163,0,0.27640909006488584,-0.11873026966019377,-0.21460947592570642,-0.011044970203672594,-0.011631901649048025,-0.06886640723389614,-0.04110576403071691,0.025221764002023774,-0.014584195583294912,0.03427911643369364,-0.0012263689796864832,0.07589246394460002,-0.029358396457430838,-0.0008075598607176793,0.019173183296132237,-0.03390305790320633,0.0001367874875299671,-0.005963173481462962,-0.0003865452044322995,0.01213109097440179,-0.004298886996436768
164,1,0.7262441522768016,0.1277698945462831,0.03704280247825013,0.00391770142712546,-0.01205441850729351,0.04321738555466751,0.017955487099124406,-0.0036650316094443644,0.027638824894936766,-0.022393123693463118,-0.0010685674790666376,0.0020368695040835307,-0.021269935357326686,-0.08409532626996737,0.0223795928097643,-0.06576359992237281,0.00019463836402760135,0.00042624463733223944,-0.00037322770426803653,-0.008094576930074968,-0.003649138661922749
165,1,0.6209966175338169,-0.10476158652986715,0.03114609906399174,0.10622986379844723,-0.04155364889328437,-0.0321059049466396,-0.025162786656708232,0.007920144474489674,-0.001393772900700777,0.02314688039271354,-0.004504373114853429,-0.002708616438733246,-0.005056276742263738,0.04276790006133876,0.02577575128118535,-0.07252457210493184,-0.0005622788181339466,0.00046674733475043917,-0.00039619191005008564,0.012163278293089884,-0.0039816952064284416
166,1,0.9186784900862797,0.09806754634639847,0.005041878134158975,0.008772697599280519,-0.009517331962058057,0.04977658171430894,-0.016552770707276936,0.004448833449269944,-0.0013704227480931762,0.01583602475778464,-0.0007802087124546784,-0.0005393572181729006,0.029070003461141167,0.030250703051792557,0.01615655278241657,0.017688726112162153,0.00022906496981401717,0.00032359226829475896,-0.00027226302566672744,0.008390499503735077,-0.00243351678696227
167,1,0.7857605064650958,-0.08977352064290671,0.026613251762529853,0.009059050252338613,-0.036401578768355154,0.07212165773929881,0.0345905374565637,0.002796247925895487,0.04761838884914088,0.022502835326246654,-0.0010620133339416943,-0.0009019947758061725,-0.0029217796869897192,0.0009265877852115781,0.01892972701848267,0.02319372377708603,0.0002164286683183451,0.00042062921972009043,0.002820220429381936,-0.00770739481058956,-0.003372154822936152
168,1,0.9814288892317021,0.06646882379914269,0.10406866553245492,0.009431841817277506,-0.02189745893351991,0.016005642432606007,0.023603249322120278,-0.018264404263404917,0.026739551563335653,0.013034597317129928,-0.0005641494573935951,-0.010818114991174304,0.026948346363485424,-0.00844808311155168,0.012559294640523489,0.01000446846719103,0.0001852341408359557,0.001708791836238191,0.0015353150072985277,-0.004054198280437728,0.06708981893314002
169,1,0.603062209323841,-0.040031941061445045,-0.1718538278692947,-0.006821883868235641,0.05455600252537312,0.0358199961739264,0.095068070320268,0.008349086213461381,-0.0010691964373620716,0.02408841743337857,-0.0012529092252222794,-0.0030224086130707256,-0.029408592640859082,0.048897895930537505,-0.0691759129553254,-0.025531911828925058,0.00018278530189112102,0.009754400305907804,-0.00040337300061628567,0.012922495732206605,-0.004096640209160567
170,1,0.9502725204163464,0.08002582187373494,0.012073691011053373,0.007490194934616223,0.027358338486866255,0.0510993225327828,0.035668231360296086,0.015271890583549849,0.018133529344985383,0.015049758261859086,-0.0006827258881501411,-0.002927840197241585,-0.012773816494172996,0.01909322894588637,0.013395122683158003,0.016657382130081028,0.00022383181567844912,-0.003584308838172942,-0.0002491351233628129,-0.005014717415405383,-0.0021269366881007897
171,1,0.8111013929923094,-0.08593368736330027,0.028270793689092594,0.09869270260051599,-0.01290555499423309,0.030147363500673572,-0.01644760104599621,0.02896975235680668,-0.021850122193922714,0.02060120892792942,-0.001016439134284744,0.00044386256189541767,-0.0271206347638303,0.04208999823200565,0.0273339149381517,0.02376116249430524,-0.00044035146996980007,0.0004185318449764497,0.0027003162621709875,0.010588740082796639,-0.0032942206298802687
172,1,0.8506395649421605,-0.026423304045173065,0.1415840510832728,-0.016682397484113192,0.0681827875861982,0.035446268452409245,0.026049888171770383,0.02679199010183945,0.0466419959696287,-0.03701452541538883,-0.0010037035628171255,-0.01282901832823441,-0.026861599628113877,-0.0012076685462924185,-0.053379938926244534,0.02315595458021923,-0.00044844017080211224,0.0004125466665090514,0.0025755375061503236,-0.007297814740171382,-0.003144701424892029
173,1,0.8766982398859439,-0.023494059515220916,-0.007591090555122064,0.09032906694030819,0.041358786138791334,0.0417442054160857,-0.016525533091081148,0.025179147553064756,-0.024790797687168298,0.020587038913086195,-0.0009179432335979972,-0.023742580737300983,0.0010921194502707121,0.048668623174579005,0.025015452756083526,0.02128842736520839,-0.00035591633348034296,0.0025898517736307144,-0.000316413638501184,-0.006576468537159976,-0.002935333362937914
174,1,0.9495438817454374,0.09017755888375256,0.0223375582088957,0.008747273407831583,0.029149097912529467,0.060070777711338286,-0.013064112901388017,0.0033029490003137207,0.016820259335511317,0.01433122005511774,-0.000654662896198079,0.0003425354106065213,-0.012515917243533644,0.03065981179489347,0.013362354407902672,0.014744364635216329,0.00019758387672812183,0.000288111493764819,-0.00024026869315182478,0.007495471488717186,-0.0020997412398163127
175,1,0.8316336713553172,0.11573084477709104,0.14728399976036136,0.008095054462744543,-0.009675941461074852,0.048100600328343124,-0.017940818021465525,-0.002351119761525397,0.04765431375262066,-0.03458506473087705,-0.0009388578553405543,-0.015509923441231787,0.0004109248491773604,-0.07387827766386722,0.021747203021498518,-0.0586173660247418,0.00018929542003320402,0.000415285432502364,-0.00031913311614741036,-0.0072347205262039025,-0.0030342849429842306
176,1,0.8388634257395391,-0.025364064407221613,0.03806728069766125,0.01177533062459136,-0.014914961226878645,0.054260013403874006,0.0464002786327505,0.009751941320572421,0.01455023015284653,0.0294809300465128,-0.0009623810160396493,0.04388664559456842,-0.01897248316574275,-0.058853658441012945,0.020509492883201016,0.015667038919808248,0.00024250958075558438,0.00035444387850211884,-0.0003299448994190472,0.010286878240121164,-0.0030637521763189394
177,1,0.970274246740575,0.08258266786968346,0.03604071400671753,0.07960995588148155,0.03623396584758178,-0.027989253005117853,-0.016918174615495704,-0.011382181176602191,-0.013911018454321722,-0.01346678995085121,-0.0006445540951529743,0.0014955171270311467,0.03902286510449741,0.07784304505392457,0.019759891353796077,0.010782644665905871,0.010437730181987978,0.0019289265929545811,-0.00023339720100143402,-0.004855518567112037,-0.0021544469757391375
178,1,0.6390933431860812,-0.10402939936921185,0.018346271645592847,0.09343717433560476,-0.01719689388297037,-0.004400730780521625,-0.025934089496748455,0.023246015742162784,0.04378362204416177,-0.024198066085997106,-0.0011891894505203042,-0.0011489087320266957,-0.004458956262883955,-0.06296035841072213,0.026248503225361503,0.026649474754212768,-0.0005594518118193457,0.00047937097167189785,-0.0003936289348023675,-0.008775978470501211,-0.003943094940366394
179,0,0.36817354908445915,-0.04503152707452617,-0.1106410980845462,-0.0071824596092998835,0.013164394837981605,-0.003246604718345802,-0.04227253210152727,0.0019963756536897337,0.03480082094105049,-0.04597455408164566,-0.0012974132436623907,-0.027707563108066352,-0.02153420076459493,-0.07572605181006949,0.02056014061061076,0.025647156013052647,0.0001418907279002989,0.0004974057301011617,-0.00041165889438471204,-0.009341013838845856,-0.004359615196818527
180,1,0.850960423234906,-0.07851106316924732,0.03308520842767098,0.09054559101125016,-0.0336787403062278,0.046576258299809194,-0.018474076022497034,-0.0037879459169405266,0.00046690126928016173,0.021654766231106768,-0.0009267302006461716,-0.021054832513211833,0.03513291157072252,0.03151177393222244,0.024660984160092252,-0.05344198086662585,-0.00040394952645283105,0.0027916509976435625,0.0024681594325022954,-0.00686044428380192,0.11311432361185259
181,1,0.9435901691068664,0.09174990899946402,0.001037190638766237,0.059285883604002367,0.04732017934038623,0.01561422446798188,0.019113603146683904,0.0017341224459758813,-0.0008493813057973421,0.01589717649771501,-0.0007956852995088434,-0.005517615754668391,-0.0013972421794662636,-0.008479900041779198,0.017602056403894076,0.017774489536064197,-0.000300211886665717,0.0022226513795596627,-0.00027375508313991215,0.008210778014511241,-0.002449960913516907
182,1,0.9232129400194833,0.10156889584209051,0.10460579580192737,-0.012373091104485617,0.05297764648224255,-0.02860462595041903,0.028631683520769845,0.015056226001636577,-0.000873387254494438,0.015747438991511986,-0.0007967141940072123,-0.0005890798997508958,-0.023616148510631877,0.023261629687326254,0.019140696718786276,-0.02879648554904457,0.00018699551538824596,0.00036032757066245996,-0.00026944654020021513,-0.006050956819247236,-0.0024461173869845115
183,1,0.8420918563095972,0.11687399798547445,0.02261156195587682,0.08303730083986453,-0.023308568247618008,0.03226457792312067,-0.02251400888013864,0.006472531473157452,-0.02286740877487514,-0.019085929668669427,-0.0009290296545824093,-0.007971777838938723,-0.021911400349460347,-0.0029242325975930156,0.02545189855822334,0.02029156343142864,0.00022908909104276307,0.00037357703963019256,-0.00031932921753457616,-0.006705796993050628,-0.0030684168621687526
184,1,0.8584843193605819,-0.025810412297375542,-0.004141528634735612,0.007069340027954327,-0.012948022110233581,0.08251419676406051,0.05017814480383483,0.01258388563410843,0.025043824987873983,0.019954933432455663,-0.0009956864567849065,-0.0040440900384623125,-0.01726947719663145,0.019650309404451404,0.01731002010691717,0.015709340495821497,0.0002317104416097726,0.0003550362024559948,-0.0003339011470119187,0.010271072647333032,-0.0029360348034637718
185,1,0.9418444657932225,-0.01981228037738013,0.02574950142617685,0.014357264332436106,0.053758465133715155,0.0065805110774268495,0.014359453674738959,0.010644683570481983,-0.019467191758775745,0.016889227876303453,-0.0006712756821170516,-0.006373573684875881,0.04996795020489342,0.10042258390765572,0.019992987378457363,0.015213128887759103,0.00023178745380129465,0.0022892720318332858,-0.00026551193695368197,-0.005547661488130591,-0.002566513330628716
186,0,0.23632360639779587,-0.04736782688106378,-0.018329895310475575,-0.0015566404309284472,-0.05380846879031289,-0.095913484466626,-0.02159462715985949,-0.04331300490020704,-0.02925415255939152,0.025795938045721712,-0.0012551011184648818,-0.033601163056127044,0.05715245665156946,-0.058211303993370656,-0.11536538120328853,0.01680944964861898,0.00010566806442481938,0.003422217655690956,-0.0003863084538942736,-0.008761800388146243,-0.004334622052479389
187,1,0.9198221711315465,0.0978604737811738,0.027829637612471692,0.01035704613438114,0.020883083120542975,0.03074542431772911,-0.01698010303975309,0.008192626763777244,0.019071402402394914,0.015873428102107914,-0.000768964017897375,0.0005232399573249502,-0.017456671166593756,0.019944416628965903,0.01775074675632397,0.013479503125954709,0.0002362763433967537,0.0003002810556947816,-0.0002842862042567266,0.008644366948580432,-0.002471414587179107
188,0,0.41655722291710473,0.12623702357856678,-0.023176668578582835,0.002789059184672852,-0.028263675610119974,-0.17247864817528955,0.041957309044221125,-0.003979222124156576,-0.03069448464170126,0.026764082078254706,-0.0012453557310825893,-0.03240200447994352,-0.04817103875642501,-0.01692963278128095,-0.11643596835786217,0.01801498781589142,0.00017382344958941087,0.0004811004076091437,-0.00042057163379337115,0.012572631204462425,-0.004327180072330646
189,1,0.9245839385314507,0.09917797085913353,0.020709783589860947,0.00786657656507636,0.037322107216690506,0.06662459351690772,-0.01932517227105779,0.009645437657551192,0.021484174678711162,0.01810943891748225,-0.000811509624705678,-0.015711821451599783,-0.014279014244043056,0.00688917379651043,0.015355668286412558,0.013379884014781648,0.00022580716930072076,0.0003007899378690097,-0.00027823298761429915,-0.005790519764109371,-0.002402854428112703
190,1,0.7676593833090967,0.12185002703304039,0.005260750586018502,0.009815243574235142,-0.013713839126927927,0.03171490051495012,-0.018709843458531678,-0.036287674807454616,-0.013413692587319231,-0.07186178933386274,-0.0038405785137224646,0.01455122851340307,0.001899519873233636,0.04035244987762424,0.02336981967065158,0.015504814543688137,0.00022311816731218162,0.0030073387743044474,0.002698186904743901,-0.007574150906963372,-0.003278103085733499
191,1,0.5759962524725637,-0.04148251452648357,-0.14971235565188612,-0.010486606670161545,0.028589663401619527,0.00023127553599931738,0.0952416229230542,-0.00875793867970101,-0.02469826449612157,0.02389933176919813,-0.0012595579105913167,-0.0004758462432875495,-0.03051497081033633,0.04460408386377827,0.018938892355099147,-0.04690898309320296,0.00017027240779407768,0.000487990212487327,0.0032698414783119945,0.012958905190087112,-0.004190245679499505
192,0,0.42536493745814985,-0.04338238849287881,0.03107118602248045,0.00452814597946252,-0.05944808463821438,-0.10967897357008972,-0.01717179689539711,0.043596245341192275,-0.025467398770815417,0.024062852767524123,-0.0012471057947862675,-0.0009784801656858924,-0.04858392935046222,0.031845118297529174,-0.09019250005757483,0.02694553916287372,0.0001678943445914613,0.003610997030310044,0.00330060244887459,-0.009252279250668903,-0.0044523640465216644
193,1,0.563292022284372,-0.0403104671034711,0.0072919417190704895,-0.02982065270617523,-0.01682293566451086,0.00021834570098929842,-0.027034411051992554,0.025384647961195456,-0.029920796818450817,-0.040516444053818323,-0.001253204868823433,-0.0005841042443683747,-0.03011297220320941,0.031303038306117116,0.01969722868862157,0.02754865970368323,0.00019541897971319758,-0.006515819847892425,-0.00041881898662004163,0.013095881279483704,-0.004224169601575414
194,1,0.8519129264054048,0.09919436126640013,-0.02942847879237245,-0.029775742583148437,-0.007835748194119682,0.04400454061448525,-0.02185042565065327,0.023816694157284702,-0.018828409731451525,0.01781465345364294,-0.0008642220162584877,0.0006471735017518401,0.033511055326440116,0.03498973815745625,0.01778986437639667,0.020519242498937395,0.0002169475928466789,-0.004445300493732249,-0.0003042267868068743,0.009327425551144736,-0.0026778729392452905
195,1,0.8685036391357235,0.11222484423995945,0.0024252965387620887,0.006593262372859204,0.030716996846033535,0.06346023911276673,0.013529013018515968,0.021354285481332096,0.00020910172357012832,-0.0339019740627839,-0.0009155139386156919,-0.018587840641146085,-0.016095279023175656,-0.0181157173707634,0.016688672474525754,0.020731434233823325,0.00020847731062134667,-0.0046037007351245746,-0.00030673060286927345,0.009617605356609027,-0.0028204902955818734
196,0,0.23202431635179346,-0.048364812374934535,-0.10725462824935104,-0.008478143639410953,-0.05236409542439676,-0.007965317886464486,-0.022442290208184168,-0.03474644097184249,-0.029699792363419974,-0.02347417188806966,-0.0012139039952202384,-0.032770792366088715,-0.006395099283408807,-0.07448619662080773,0.01852144166042588,0.01638825855327972,0.000116716185603614,-0.005952193176324424,-0.00037968276088468203,-0.008789043823764098,-0.0043171521113488445
197,0,0.4226156537256904,-0.1211930116572519,0.0006146620049574137,-0.004276148882755769,0.0365827994175067,0.03659621876743985,-0.03722341672467609,0.0016705565263550742,0.03447346799157299,-0.045875852726546686,-0.0012949805903852858,-0.028486416956511742,-0.0229468258262273,-0.03348877349552678,-0.07243717818723652,0.02451699228279661,0.00012216375161718898,0.0035926131636663436,-0.0004060871981068521,-0.00953784044179389,-0.004478944589608895
198,1,0.569921615722805,-0.10924026499668399,0.0029326332334140975,-0.1684495960417105,0.05678164973915733,0.12545420932876336,-0.03329919024014312,-0.009304199177223452,0.04435107020559987,-0.024990950000982132,0.019232953266776792,-0.0011945252228271752,-0.021453568457471595,0.00014873538282352458,-0.033345669677769536,-0.07733403406248841,0.00018725962204869245,0.00047038484555085347,-0.0004155599673045518,-0.009241759527762525,0.14254038037463151
199,1,0.8218565545656648,0.13207134827519493,-0.017227117651380654,-0.12915365556885658,0.038689833356288526,-0.06460317569750212,0.08610882055584178,0.0018307960334746538,0.03073575203188858,0.026124668011805015,-0.0010353200010084773,-0.020761108078317044,-0.006425111900680518,0.04847465627009861,0.012948534108592634,0.022880592404573057,0.00018693530286088603,0.0031745902454738593,0.002951539939486899,-0.008001735677358748,-0.0032059444912162804
